INSERT INTO skills (id, name) VALUES ('8a6f5f5c-ce44-4aba-a07a-e33e88f4d19f', 'Primeros Auxilios');
INSERT INTO skills (id, name) VALUES ('94667c90-e39b-41eb-9673-496a98ffac88', 'Logística');
INSERT INTO skills (id, name) VALUES ('afb9135b-7aa7-43d7-bf69-d162bd798097', 'Cocina');
INSERT INTO skills (id, name) VALUES ('f4f8d802-b9fe-4f5f-a1c6-18a36f64a7e6', 'Conducción');
INSERT INTO skills (id, name) VALUES ('720835cb-aabc-4784-aded-152746aec052', 'Psicología');
INSERT INTO skills (id, name) VALUES ('b960ff2d-286e-4859-ba2d-5806d1fff878', 'Rescate');
INSERT INTO skills (id, name) VALUES ('f4aaac8d-5b02-47fa-9ef9-4060538d0bc1', 'Idiomas');
INSERT INTO skills (id, name) VALUES ('f823eae9-e7c4-443f-8b1c-3e467e729c88', 'Informática');
INSERT INTO campaigns (id, name, year) VALUES ('a10b187c-62ef-44a6-a026-837e1ea383c0', 'Campaña Invierno', 2024);
INSERT INTO campaigns (id, name, year) VALUES ('741aac81-0e92-497e-81ec-8f8563b80b1f', 'Incendios Forestales', 2024);
INSERT INTO campaigns (id, name, year) VALUES ('4dab20fb-f156-4cee-90e0-11c41e61e432', 'Navidad Solidaria', 2023);
INSERT INTO campaigns (id, name, year) VALUES ('57559864-453b-4d14-b2c7-2b2e842fcbe1', 'Vuelta a Clases', 2024);
INSERT INTO volunteers (id, name, email, phone, region, availability, created_at, updated_at) VALUES ('6a8210fa-a33d-49f1-92f4-87168d504f40', 'Máximo de Riquelme', 'gregoriobarrena@example.org', '+34 871890100', 'Los Lagos', 'Lunes a Viernes', '2025-04-17T15:53:34.001941', '2025-04-17T15:53:34.001941');
INSERT INTO volunteer_skills (volunteer_id, skill_id) VALUES ('6a8210fa-a33d-49f1-92f4-87168d504f40', 'afb9135b-7aa7-43d7-bf69-d162bd798097');
INSERT INTO volunteers (id, name, email, phone, region, availability, created_at, updated_at) VALUES ('3d328617-b491-479c-b87a-88884177ec3a', 'Zaida Sola Azorin', 'utapia@example.org', '+34 717 31 77 01', 'Araucanía', 'Lunes a Viernes', '2025-04-21T06:30:51.977890', '2025-04-21T06:30:51.977890');
INSERT INTO volunteer_skills (volunteer_id, skill_id) VALUES ('3d328617-b491-479c-b87a-88884177ec3a', 'f4aaac8d-5b02-47fa-9ef9-4060538d0bc1');
INSERT INTO volunteer_skills (volunteer_id, skill_id) VALUES ('3d328617-b491-479c-b87a-88884177ec3a', 'afb9135b-7aa7-43d7-bf69-d162bd798097');
INSERT INTO volunteer_skills (volunteer_id, skill_id) VALUES ('3d328617-b491-479c-b87a-88884177ec3a', 'b960ff2d-286e-4859-ba2d-5806d1fff878');
INSERT INTO volunteer_campaigns (volunteer_id, campaign_id) VALUES ('3d328617-b491-479c-b87a-88884177ec3a', 'a10b187c-62ef-44a6-a026-837e1ea383c0');
INSERT INTO volunteer_campaigns (volunteer_id, campaign_id) VALUES ('3d328617-b491-479c-b87a-88884177ec3a', '741aac81-0e92-497e-81ec-8f8563b80b1f');
INSERT INTO volunteers (id, name, email, phone, region, availability, created_at, updated_at) VALUES ('f55d856d-8765-4fea-b115-0872795fa6e0', 'Francisco Murcia Jerez', 'solgracia@example.org', '+34849 439 270', 'Los Lagos', 'Tardes', '2025-03-04T22:03:20.855042', '2025-03-04T22:03:20.855042');
INSERT INTO volunteer_skills (volunteer_id, skill_id) VALUES ('f55d856d-8765-4fea-b115-0872795fa6e0', 'b960ff2d-286e-4859-ba2d-5806d1fff878');
INSERT INTO volunteers (id, name, email, phone, region, availability, created_at, updated_at) VALUES ('cac9a5e8-b17a-40e9-b075-560f69c1a1f8', 'Moisés del Colomer', 'yizaguirre@example.org', '+34721 155 523', 'Metropolitana', 'Lunes a Viernes', '2025-11-27T07:38:04.596046', '2025-11-27T07:38:04.596046');
INSERT INTO volunteer_skills (volunteer_id, skill_id) VALUES ('cac9a5e8-b17a-40e9-b075-560f69c1a1f8', '94667c90-e39b-41eb-9673-496a98ffac88');
INSERT INTO volunteer_skills (volunteer_id, skill_id) VALUES ('cac9a5e8-b17a-40e9-b075-560f69c1a1f8', 'f4aaac8d-5b02-47fa-9ef9-4060538d0bc1');
INSERT INTO volunteers (id, name, email, phone, region, availability, created_at, updated_at) VALUES ('57d29e0d-ac3a-4e45-9924-b17d7f4523b0', 'Filomena Calvo', 'ypuente@example.org', '+34 842 98 20 13', 'Biobío', 'Mañanas', '2025-07-07T17:08:48.001187', '2025-07-07T17:08:48.001187');
INSERT INTO volunteer_skills (volunteer_id, skill_id) VALUES ('57d29e0d-ac3a-4e45-9924-b17d7f4523b0', 'b960ff2d-286e-4859-ba2d-5806d1fff878');
INSERT INTO volunteer_skills (volunteer_id, skill_id) VALUES ('57d29e0d-ac3a-4e45-9924-b17d7f4523b0', 'afb9135b-7aa7-43d7-bf69-d162bd798097');
INSERT INTO volunteers (id, name, email, phone, region, availability, created_at, updated_at) VALUES ('b672da9b-baa8-45ec-bf77-b42226743436', 'Nico Telmo Molina Palomar', 'cluis@example.org', '+34 820 62 23 31', 'Metropolitana', 'Mañanas', '2025-05-30T07:08:17.706618', '2025-05-30T07:08:17.706618');
INSERT INTO volunteer_skills (volunteer_id, skill_id) VALUES ('b672da9b-baa8-45ec-bf77-b42226743436', '94667c90-e39b-41eb-9673-496a98ffac88');
INSERT INTO volunteer_skills (volunteer_id, skill_id) VALUES ('b672da9b-baa8-45ec-bf77-b42226743436', '720835cb-aabc-4784-aded-152746aec052');
INSERT INTO volunteer_skills (volunteer_id, skill_id) VALUES ('b672da9b-baa8-45ec-bf77-b42226743436', '8a6f5f5c-ce44-4aba-a07a-e33e88f4d19f');
INSERT INTO volunteers (id, name, email, phone, region, availability, created_at, updated_at) VALUES ('34ed3d39-127c-40a4-955a-552e71623caa', 'Juana Manola Cabanillas Alberto', 'yrio@example.net', '+34843831640', 'Biobío', 'Mañanas', '2025-02-03T22:16:40.118505', '2025-02-03T22:16:40.118505');
INSERT INTO volunteer_skills (volunteer_id, skill_id) VALUES ('34ed3d39-127c-40a4-955a-552e71623caa', 'f823eae9-e7c4-443f-8b1c-3e467e729c88');
INSERT INTO volunteer_skills (volunteer_id, skill_id) VALUES ('34ed3d39-127c-40a4-955a-552e71623caa', 'f4aaac8d-5b02-47fa-9ef9-4060538d0bc1');
INSERT INTO volunteer_campaigns (volunteer_id, campaign_id) VALUES ('34ed3d39-127c-40a4-955a-552e71623caa', '4dab20fb-f156-4cee-90e0-11c41e61e432');
INSERT INTO volunteers (id, name, email, phone, region, availability, created_at, updated_at) VALUES ('4086cd02-af5e-47b7-b98e-24c2483861f9', 'Isidoro Vilaplana Ariza', 'nadalamerico@example.com', '+34731 65 88 77', 'Valparaíso', 'Lunes a Viernes', '2025-03-27T12:46:23.779911', '2025-03-27T12:46:23.779911');
INSERT INTO volunteer_skills (volunteer_id, skill_id) VALUES ('4086cd02-af5e-47b7-b98e-24c2483861f9', 'b960ff2d-286e-4859-ba2d-5806d1fff878');
INSERT INTO volunteer_skills (volunteer_id, skill_id) VALUES ('4086cd02-af5e-47b7-b98e-24c2483861f9', '720835cb-aabc-4784-aded-152746aec052');
INSERT INTO volunteer_skills (volunteer_id, skill_id) VALUES ('4086cd02-af5e-47b7-b98e-24c2483861f9', 'afb9135b-7aa7-43d7-bf69-d162bd798097');
INSERT INTO volunteer_campaigns (volunteer_id, campaign_id) VALUES ('4086cd02-af5e-47b7-b98e-24c2483861f9', '741aac81-0e92-497e-81ec-8f8563b80b1f');
INSERT INTO volunteers (id, name, email, phone, region, availability, created_at, updated_at) VALUES ('520c45a3-41a3-4177-99da-8466f3433bef', 'María Jesús Aparicio Céspedes', 'carlosrios@example.com', '+34847012044', 'Biobío', 'Tardes', '2025-03-04T13:38:11.165896', '2025-03-04T13:38:11.165896');
INSERT INTO volunteer_skills (volunteer_id, skill_id) VALUES ('520c45a3-41a3-4177-99da-8466f3433bef', '720835cb-aabc-4784-aded-152746aec052');
INSERT INTO volunteer_skills (volunteer_id, skill_id) VALUES ('520c45a3-41a3-4177-99da-8466f3433bef', '94667c90-e39b-41eb-9673-496a98ffac88');
INSERT INTO volunteer_campaigns (volunteer_id, campaign_id) VALUES ('520c45a3-41a3-4177-99da-8466f3433bef', 'a10b187c-62ef-44a6-a026-837e1ea383c0');
INSERT INTO volunteer_campaigns (volunteer_id, campaign_id) VALUES ('520c45a3-41a3-4177-99da-8466f3433bef', '57559864-453b-4d14-b2c7-2b2e842fcbe1');
INSERT INTO volunteers (id, name, email, phone, region, availability, created_at, updated_at) VALUES ('9ab51001-5df1-41b0-a7d9-9c6ee73f350e', 'José Mari de Niño', 'vigilfeliciano@example.org', '+34 971473068', 'Metropolitana', 'Lunes a Viernes', '2025-02-23T22:53:47.623244', '2025-02-23T22:53:47.623244');
INSERT INTO volunteer_skills (volunteer_id, skill_id) VALUES ('9ab51001-5df1-41b0-a7d9-9c6ee73f350e', '8a6f5f5c-ce44-4aba-a07a-e33e88f4d19f');
INSERT INTO volunteer_skills (volunteer_id, skill_id) VALUES ('9ab51001-5df1-41b0-a7d9-9c6ee73f350e', '720835cb-aabc-4784-aded-152746aec052');
INSERT INTO volunteer_skills (volunteer_id, skill_id) VALUES ('9ab51001-5df1-41b0-a7d9-9c6ee73f350e', 'f823eae9-e7c4-443f-8b1c-3e467e729c88');
INSERT INTO volunteer_campaigns (volunteer_id, campaign_id) VALUES ('9ab51001-5df1-41b0-a7d9-9c6ee73f350e', '57559864-453b-4d14-b2c7-2b2e842fcbe1');
INSERT INTO volunteers (id, name, email, phone, region, availability, created_at, updated_at) VALUES ('69ea1843-ac4a-47a6-8985-1e0c4a159129', 'Elisa Cabo-Dávila', 'hmarquez@example.org', '+34 724553363', 'Metropolitana', 'Tardes', '2024-12-15T05:48:44.578076', '2024-12-15T05:48:44.578076');
INSERT INTO volunteer_skills (volunteer_id, skill_id) VALUES ('69ea1843-ac4a-47a6-8985-1e0c4a159129', 'f4f8d802-b9fe-4f5f-a1c6-18a36f64a7e6');
INSERT INTO volunteer_campaigns (volunteer_id, campaign_id) VALUES ('69ea1843-ac4a-47a6-8985-1e0c4a159129', '57559864-453b-4d14-b2c7-2b2e842fcbe1');
INSERT INTO volunteers (id, name, email, phone, region, availability, created_at, updated_at) VALUES ('13a94a2a-c585-4c7f-947f-a15d3ff584f9', 'Fátima Mendez Martín', 'amaro50@example.net', '+34845193476', 'Los Lagos', 'Tardes', '2025-08-18T05:15:53.761430', '2025-08-18T05:15:53.761430');
INSERT INTO volunteer_skills (volunteer_id, skill_id) VALUES ('13a94a2a-c585-4c7f-947f-a15d3ff584f9', '8a6f5f5c-ce44-4aba-a07a-e33e88f4d19f');
INSERT INTO volunteer_skills (volunteer_id, skill_id) VALUES ('13a94a2a-c585-4c7f-947f-a15d3ff584f9', 'b960ff2d-286e-4859-ba2d-5806d1fff878');
INSERT INTO volunteer_campaigns (volunteer_id, campaign_id) VALUES ('13a94a2a-c585-4c7f-947f-a15d3ff584f9', 'a10b187c-62ef-44a6-a026-837e1ea383c0');
INSERT INTO volunteers (id, name, email, phone, region, availability, created_at, updated_at) VALUES ('ef52414a-01e6-428a-854b-374b5d550a73', 'Charo Vega Godoy', 'eugenia82@example.net', '+34841 507 238', 'Metropolitana', 'Fines de semana', '2024-12-26T09:16:37.886122', '2024-12-26T09:16:37.886122');
INSERT INTO volunteer_skills (volunteer_id, skill_id) VALUES ('ef52414a-01e6-428a-854b-374b5d550a73', 'f823eae9-e7c4-443f-8b1c-3e467e729c88');
INSERT INTO volunteer_skills (volunteer_id, skill_id) VALUES ('ef52414a-01e6-428a-854b-374b5d550a73', 'f4f8d802-b9fe-4f5f-a1c6-18a36f64a7e6');
INSERT INTO volunteer_skills (volunteer_id, skill_id) VALUES ('ef52414a-01e6-428a-854b-374b5d550a73', '94667c90-e39b-41eb-9673-496a98ffac88');
INSERT INTO volunteers (id, name, email, phone, region, availability, created_at, updated_at) VALUES ('386d2caa-604e-4ee4-92c0-41b3d2650ae3', 'Alfredo Bustos Plana', 'vmorales@example.com', '+34 925 04 88 33', 'Biobío', 'Lunes a Viernes', '2025-05-25T15:06:49.023395', '2025-05-25T15:06:49.023395');
INSERT INTO volunteer_skills (volunteer_id, skill_id) VALUES ('386d2caa-604e-4ee4-92c0-41b3d2650ae3', '94667c90-e39b-41eb-9673-496a98ffac88');
INSERT INTO volunteer_skills (volunteer_id, skill_id) VALUES ('386d2caa-604e-4ee4-92c0-41b3d2650ae3', '720835cb-aabc-4784-aded-152746aec052');
INSERT INTO volunteers (id, name, email, phone, region, availability, created_at, updated_at) VALUES ('5116fd18-8a26-441e-8804-2f242c868b88', 'Anabel Sierra Piñeiro', 'primitivoaguirre@example.com', '+34724321547', 'Metropolitana', 'Lunes a Viernes', '2025-10-03T05:13:47.242641', '2025-10-03T05:13:47.242641');
INSERT INTO volunteer_skills (volunteer_id, skill_id) VALUES ('5116fd18-8a26-441e-8804-2f242c868b88', '94667c90-e39b-41eb-9673-496a98ffac88');
INSERT INTO volunteer_skills (volunteer_id, skill_id) VALUES ('5116fd18-8a26-441e-8804-2f242c868b88', 'f823eae9-e7c4-443f-8b1c-3e467e729c88');
INSERT INTO volunteer_skills (volunteer_id, skill_id) VALUES ('5116fd18-8a26-441e-8804-2f242c868b88', 'f4aaac8d-5b02-47fa-9ef9-4060538d0bc1');
INSERT INTO volunteer_campaigns (volunteer_id, campaign_id) VALUES ('5116fd18-8a26-441e-8804-2f242c868b88', '4dab20fb-f156-4cee-90e0-11c41e61e432');
INSERT INTO volunteers (id, name, email, phone, region, availability, created_at, updated_at) VALUES ('6ddba999-61ec-4fa2-8649-449152f3b82c', 'Abilio de Almazán', 'sonia90@example.net', '+34830746478', 'Metropolitana', 'Lunes a Viernes', '2025-05-30T23:40:42.178586', '2025-05-30T23:40:42.178586');
INSERT INTO volunteer_skills (volunteer_id, skill_id) VALUES ('6ddba999-61ec-4fa2-8649-449152f3b82c', '94667c90-e39b-41eb-9673-496a98ffac88');
INSERT INTO volunteer_campaigns (volunteer_id, campaign_id) VALUES ('6ddba999-61ec-4fa2-8649-449152f3b82c', '57559864-453b-4d14-b2c7-2b2e842fcbe1');
INSERT INTO volunteer_campaigns (volunteer_id, campaign_id) VALUES ('6ddba999-61ec-4fa2-8649-449152f3b82c', '4dab20fb-f156-4cee-90e0-11c41e61e432');
INSERT INTO volunteers (id, name, email, phone, region, availability, created_at, updated_at) VALUES ('b4c45588-e7e6-42a0-bd11-d42c0e6e801f', 'Concha Fabregat Álvarez', 'alvaroprudencio@example.org', '+34 739 092 567', 'Valparaíso', 'Mañanas', '2025-02-13T02:43:37.996171', '2025-02-13T02:43:37.996171');
INSERT INTO volunteer_skills (volunteer_id, skill_id) VALUES ('b4c45588-e7e6-42a0-bd11-d42c0e6e801f', 'f4aaac8d-5b02-47fa-9ef9-4060538d0bc1');
INSERT INTO volunteer_skills (volunteer_id, skill_id) VALUES ('b4c45588-e7e6-42a0-bd11-d42c0e6e801f', '720835cb-aabc-4784-aded-152746aec052');
INSERT INTO volunteers (id, name, email, phone, region, availability, created_at, updated_at) VALUES ('899acd38-93bc-409b-b84f-04abf34890c7', 'Encarnita Novoa Montalbán', 'marisol25@example.com', '+34 921 231 100', 'Metropolitana', 'Lunes a Viernes', '2025-09-21T12:03:49.592176', '2025-09-21T12:03:49.592176');
INSERT INTO volunteer_skills (volunteer_id, skill_id) VALUES ('899acd38-93bc-409b-b84f-04abf34890c7', 'b960ff2d-286e-4859-ba2d-5806d1fff878');
INSERT INTO volunteer_skills (volunteer_id, skill_id) VALUES ('899acd38-93bc-409b-b84f-04abf34890c7', 'f4aaac8d-5b02-47fa-9ef9-4060538d0bc1');
INSERT INTO volunteer_skills (volunteer_id, skill_id) VALUES ('899acd38-93bc-409b-b84f-04abf34890c7', 'afb9135b-7aa7-43d7-bf69-d162bd798097');
INSERT INTO volunteer_campaigns (volunteer_id, campaign_id) VALUES ('899acd38-93bc-409b-b84f-04abf34890c7', '4dab20fb-f156-4cee-90e0-11c41e61e432');
INSERT INTO volunteer_campaigns (volunteer_id, campaign_id) VALUES ('899acd38-93bc-409b-b84f-04abf34890c7', '57559864-453b-4d14-b2c7-2b2e842fcbe1');
INSERT INTO volunteers (id, name, email, phone, region, availability, created_at, updated_at) VALUES ('9eef6ee5-881e-48a1-abd0-738d323d2bf3', 'Francisco Madrigal-Fernandez', 'edu60@example.net', '+34972 29 31 77', 'Los Lagos', 'Mañanas', '2025-05-18T13:07:19.773336', '2025-05-18T13:07:19.773336');
INSERT INTO volunteer_skills (volunteer_id, skill_id) VALUES ('9eef6ee5-881e-48a1-abd0-738d323d2bf3', 'f823eae9-e7c4-443f-8b1c-3e467e729c88');
INSERT INTO volunteer_skills (volunteer_id, skill_id) VALUES ('9eef6ee5-881e-48a1-abd0-738d323d2bf3', 'afb9135b-7aa7-43d7-bf69-d162bd798097');
INSERT INTO volunteer_skills (volunteer_id, skill_id) VALUES ('9eef6ee5-881e-48a1-abd0-738d323d2bf3', '720835cb-aabc-4784-aded-152746aec052');
INSERT INTO volunteer_campaigns (volunteer_id, campaign_id) VALUES ('9eef6ee5-881e-48a1-abd0-738d323d2bf3', '741aac81-0e92-497e-81ec-8f8563b80b1f');
INSERT INTO volunteer_campaigns (volunteer_id, campaign_id) VALUES ('9eef6ee5-881e-48a1-abd0-738d323d2bf3', '4dab20fb-f156-4cee-90e0-11c41e61e432');
INSERT INTO volunteers (id, name, email, phone, region, availability, created_at, updated_at) VALUES ('1c178c0a-b603-4c02-a55b-7430fe972dac', 'Cándida Arjona Barreda', 'hermenegildojorda@example.com', '+34882 191 808', 'Los Lagos', 'Tardes', '2025-06-25T16:57:07.193920', '2025-06-25T16:57:07.193920');
INSERT INTO volunteer_skills (volunteer_id, skill_id) VALUES ('1c178c0a-b603-4c02-a55b-7430fe972dac', '720835cb-aabc-4784-aded-152746aec052');
INSERT INTO volunteer_skills (volunteer_id, skill_id) VALUES ('1c178c0a-b603-4c02-a55b-7430fe972dac', 'f4aaac8d-5b02-47fa-9ef9-4060538d0bc1');
INSERT INTO volunteer_campaigns (volunteer_id, campaign_id) VALUES ('1c178c0a-b603-4c02-a55b-7430fe972dac', '57559864-453b-4d14-b2c7-2b2e842fcbe1');
INSERT INTO volunteers (id, name, email, phone, region, availability, created_at, updated_at) VALUES ('422ddea6-a51a-4a70-8559-c5491f6a4102', 'Carmina Solsona Capdevila', 'arroyograciana@example.com', '+34977392049', 'Los Lagos', 'Tardes', '2025-08-18T09:10:26.995818', '2025-08-18T09:10:26.995818');
INSERT INTO volunteer_skills (volunteer_id, skill_id) VALUES ('422ddea6-a51a-4a70-8559-c5491f6a4102', 'f4f8d802-b9fe-4f5f-a1c6-18a36f64a7e6');
INSERT INTO volunteer_skills (volunteer_id, skill_id) VALUES ('422ddea6-a51a-4a70-8559-c5491f6a4102', '8a6f5f5c-ce44-4aba-a07a-e33e88f4d19f');
INSERT INTO volunteer_skills (volunteer_id, skill_id) VALUES ('422ddea6-a51a-4a70-8559-c5491f6a4102', 'f823eae9-e7c4-443f-8b1c-3e467e729c88');
INSERT INTO volunteers (id, name, email, phone, region, availability, created_at, updated_at) VALUES ('2a682151-bb69-46c6-ad39-578dbf7790f1', 'Gervasio Raya Carranza', 'hernandezelba@example.org', '+34919 538 796', 'Araucanía', 'Lunes a Viernes', '2025-01-12T15:58:56.263797', '2025-01-12T15:58:56.263797');
INSERT INTO volunteer_skills (volunteer_id, skill_id) VALUES ('2a682151-bb69-46c6-ad39-578dbf7790f1', 'f4f8d802-b9fe-4f5f-a1c6-18a36f64a7e6');
INSERT INTO volunteer_campaigns (volunteer_id, campaign_id) VALUES ('2a682151-bb69-46c6-ad39-578dbf7790f1', '57559864-453b-4d14-b2c7-2b2e842fcbe1');
INSERT INTO volunteers (id, name, email, phone, region, availability, created_at, updated_at) VALUES ('4552fccb-9bf2-4c7d-8206-f7534c00f794', 'Florentino Castañeda Bernal', 'juanita29@example.org', '+34958035219', 'Los Lagos', 'Tardes', '2025-03-13T18:54:29.710217', '2025-03-13T18:54:29.710217');
INSERT INTO volunteer_skills (volunteer_id, skill_id) VALUES ('4552fccb-9bf2-4c7d-8206-f7534c00f794', 'f823eae9-e7c4-443f-8b1c-3e467e729c88');
INSERT INTO volunteer_skills (volunteer_id, skill_id) VALUES ('4552fccb-9bf2-4c7d-8206-f7534c00f794', 'b960ff2d-286e-4859-ba2d-5806d1fff878');
INSERT INTO volunteer_campaigns (volunteer_id, campaign_id) VALUES ('4552fccb-9bf2-4c7d-8206-f7534c00f794', '741aac81-0e92-497e-81ec-8f8563b80b1f');
INSERT INTO volunteer_campaigns (volunteer_id, campaign_id) VALUES ('4552fccb-9bf2-4c7d-8206-f7534c00f794', '57559864-453b-4d14-b2c7-2b2e842fcbe1');
INSERT INTO volunteers (id, name, email, phone, region, availability, created_at, updated_at) VALUES ('e4af04d4-b4d0-4d5a-b62f-afe8a76b7226', 'Domingo Parra Cano', 'iborramohamed@example.net', '+34928566199', 'Biobío', 'Fines de semana', '2025-02-12T10:07:02.214864', '2025-02-12T10:07:02.214864');
INSERT INTO volunteer_skills (volunteer_id, skill_id) VALUES ('e4af04d4-b4d0-4d5a-b62f-afe8a76b7226', 'afb9135b-7aa7-43d7-bf69-d162bd798097');
INSERT INTO volunteer_campaigns (volunteer_id, campaign_id) VALUES ('e4af04d4-b4d0-4d5a-b62f-afe8a76b7226', '4dab20fb-f156-4cee-90e0-11c41e61e432');
INSERT INTO volunteer_campaigns (volunteer_id, campaign_id) VALUES ('e4af04d4-b4d0-4d5a-b62f-afe8a76b7226', 'a10b187c-62ef-44a6-a026-837e1ea383c0');
INSERT INTO volunteers (id, name, email, phone, region, availability, created_at, updated_at) VALUES ('7c17467c-476f-4940-9a7e-587ee77f9092', 'Cleto Rocamora Ribes', 'kalonso@example.net', '+34920 567 506', 'Biobío', 'Fines de semana', '2024-11-29T11:41:04.306300', '2024-11-29T11:41:04.306300');
INSERT INTO volunteer_skills (volunteer_id, skill_id) VALUES ('7c17467c-476f-4940-9a7e-587ee77f9092', 'f4f8d802-b9fe-4f5f-a1c6-18a36f64a7e6');
INSERT INTO volunteer_skills (volunteer_id, skill_id) VALUES ('7c17467c-476f-4940-9a7e-587ee77f9092', '94667c90-e39b-41eb-9673-496a98ffac88');
INSERT INTO volunteer_skills (volunteer_id, skill_id) VALUES ('7c17467c-476f-4940-9a7e-587ee77f9092', 'f4aaac8d-5b02-47fa-9ef9-4060538d0bc1');
INSERT INTO volunteers (id, name, email, phone, region, availability, created_at, updated_at) VALUES ('10384ac5-bf85-483d-8252-a9472db45395', 'Reyes Alcaraz Palomar', 'brunilda04@example.com', '+34 975 728 282', 'Los Lagos', 'Fines de semana', '2024-12-07T05:23:10.086140', '2024-12-07T05:23:10.086140');
INSERT INTO volunteer_skills (volunteer_id, skill_id) VALUES ('10384ac5-bf85-483d-8252-a9472db45395', 'afb9135b-7aa7-43d7-bf69-d162bd798097');
INSERT INTO volunteer_skills (volunteer_id, skill_id) VALUES ('10384ac5-bf85-483d-8252-a9472db45395', '8a6f5f5c-ce44-4aba-a07a-e33e88f4d19f');
INSERT INTO volunteer_skills (volunteer_id, skill_id) VALUES ('10384ac5-bf85-483d-8252-a9472db45395', '94667c90-e39b-41eb-9673-496a98ffac88');
INSERT INTO volunteers (id, name, email, phone, region, availability, created_at, updated_at) VALUES ('cd531796-5066-4c21-9bea-d0b38684b889', 'Ester Anastasia Ramón Cerezo', 'figuerasadalberto@example.org', '+34 821745560', 'Biobío', 'Lunes a Viernes', '2025-11-21T08:38:36.226877', '2025-11-21T08:38:36.226877');
INSERT INTO volunteer_skills (volunteer_id, skill_id) VALUES ('cd531796-5066-4c21-9bea-d0b38684b889', '94667c90-e39b-41eb-9673-496a98ffac88');
INSERT INTO volunteer_skills (volunteer_id, skill_id) VALUES ('cd531796-5066-4c21-9bea-d0b38684b889', 'afb9135b-7aa7-43d7-bf69-d162bd798097');
INSERT INTO volunteer_skills (volunteer_id, skill_id) VALUES ('cd531796-5066-4c21-9bea-d0b38684b889', '720835cb-aabc-4784-aded-152746aec052');
INSERT INTO volunteer_campaigns (volunteer_id, campaign_id) VALUES ('cd531796-5066-4c21-9bea-d0b38684b889', '4dab20fb-f156-4cee-90e0-11c41e61e432');
INSERT INTO volunteers (id, name, email, phone, region, availability, created_at, updated_at) VALUES ('b7ad186e-3ced-4078-a34b-55fec9d60f37', 'Purificación Castelló Losa', 'merche87@example.org', '+34 877 20 92 91', 'Biobío', 'Tardes', '2025-06-06T23:09:05.787727', '2025-06-06T23:09:05.787727');
INSERT INTO volunteer_skills (volunteer_id, skill_id) VALUES ('b7ad186e-3ced-4078-a34b-55fec9d60f37', '8a6f5f5c-ce44-4aba-a07a-e33e88f4d19f');
INSERT INTO volunteers (id, name, email, phone, region, availability, created_at, updated_at) VALUES ('bf559606-945f-47f3-ae76-1e06a1c9eeb8', 'Lucía Sarabia Arellano', 'escrivaaura@example.net', '+34823 96 50 15', 'Araucanía', 'Mañanas', '2025-08-28T01:21:13.202545', '2025-08-28T01:21:13.202545');
INSERT INTO volunteer_skills (volunteer_id, skill_id) VALUES ('bf559606-945f-47f3-ae76-1e06a1c9eeb8', 'afb9135b-7aa7-43d7-bf69-d162bd798097');
INSERT INTO volunteer_campaigns (volunteer_id, campaign_id) VALUES ('bf559606-945f-47f3-ae76-1e06a1c9eeb8', '741aac81-0e92-497e-81ec-8f8563b80b1f');
INSERT INTO volunteers (id, name, email, phone, region, availability, created_at, updated_at) VALUES ('3119865a-8770-4ea9-a1a9-33221666df48', 'Reyes Agullo Sacristán', 'chicosilvia@example.com', '+34 974 772 706', 'Araucanía', 'Lunes a Viernes', '2025-08-13T08:55:21.255244', '2025-08-13T08:55:21.255244');
INSERT INTO volunteer_skills (volunteer_id, skill_id) VALUES ('3119865a-8770-4ea9-a1a9-33221666df48', 'f4aaac8d-5b02-47fa-9ef9-4060538d0bc1');
INSERT INTO volunteer_campaigns (volunteer_id, campaign_id) VALUES ('3119865a-8770-4ea9-a1a9-33221666df48', '57559864-453b-4d14-b2c7-2b2e842fcbe1');
INSERT INTO volunteers (id, name, email, phone, region, availability, created_at, updated_at) VALUES ('6abb27e6-7a4e-4359-a616-93f2b04d1858', 'Marina Verdugo Rivas', 'pancho11@example.com', '+34874 280 909', 'Valparaíso', 'Fines de semana', '2025-06-21T14:32:35.508563', '2025-06-21T14:32:35.508563');
INSERT INTO volunteer_skills (volunteer_id, skill_id) VALUES ('6abb27e6-7a4e-4359-a616-93f2b04d1858', 'afb9135b-7aa7-43d7-bf69-d162bd798097');
INSERT INTO volunteer_skills (volunteer_id, skill_id) VALUES ('6abb27e6-7a4e-4359-a616-93f2b04d1858', 'f823eae9-e7c4-443f-8b1c-3e467e729c88');
INSERT INTO volunteer_skills (volunteer_id, skill_id) VALUES ('6abb27e6-7a4e-4359-a616-93f2b04d1858', '94667c90-e39b-41eb-9673-496a98ffac88');
INSERT INTO volunteer_campaigns (volunteer_id, campaign_id) VALUES ('6abb27e6-7a4e-4359-a616-93f2b04d1858', '741aac81-0e92-497e-81ec-8f8563b80b1f');
INSERT INTO volunteers (id, name, email, phone, region, availability, created_at, updated_at) VALUES ('ff9fe447-21dc-4202-b225-4f02e89546b2', 'Nilo Carnero Rebollo', 'german07@example.org', '+34901 37 43 52', 'Biobío', 'Tardes', '2025-03-16T04:01:50.189871', '2025-03-16T04:01:50.189871');
INSERT INTO volunteer_skills (volunteer_id, skill_id) VALUES ('ff9fe447-21dc-4202-b225-4f02e89546b2', '94667c90-e39b-41eb-9673-496a98ffac88');
INSERT INTO volunteer_skills (volunteer_id, skill_id) VALUES ('ff9fe447-21dc-4202-b225-4f02e89546b2', 'f4aaac8d-5b02-47fa-9ef9-4060538d0bc1');
INSERT INTO volunteer_skills (volunteer_id, skill_id) VALUES ('ff9fe447-21dc-4202-b225-4f02e89546b2', 'b960ff2d-286e-4859-ba2d-5806d1fff878');
INSERT INTO volunteer_campaigns (volunteer_id, campaign_id) VALUES ('ff9fe447-21dc-4202-b225-4f02e89546b2', 'a10b187c-62ef-44a6-a026-837e1ea383c0');
INSERT INTO volunteer_campaigns (volunteer_id, campaign_id) VALUES ('ff9fe447-21dc-4202-b225-4f02e89546b2', '4dab20fb-f156-4cee-90e0-11c41e61e432');
INSERT INTO volunteers (id, name, email, phone, region, availability, created_at, updated_at) VALUES ('2f11676d-e0dc-416d-a02d-9c627176a076', 'Lázaro Sáenz Santamaría', 'kfuentes@example.net', '+34806 751 946', 'Valparaíso', 'Lunes a Viernes', '2025-07-13T18:40:34.446583', '2025-07-13T18:40:34.446583');
INSERT INTO volunteer_skills (volunteer_id, skill_id) VALUES ('2f11676d-e0dc-416d-a02d-9c627176a076', '8a6f5f5c-ce44-4aba-a07a-e33e88f4d19f');
INSERT INTO volunteer_campaigns (volunteer_id, campaign_id) VALUES ('2f11676d-e0dc-416d-a02d-9c627176a076', '741aac81-0e92-497e-81ec-8f8563b80b1f');
INSERT INTO volunteer_campaigns (volunteer_id, campaign_id) VALUES ('2f11676d-e0dc-416d-a02d-9c627176a076', '57559864-453b-4d14-b2c7-2b2e842fcbe1');
INSERT INTO volunteers (id, name, email, phone, region, availability, created_at, updated_at) VALUES ('f8b50e7c-9609-436a-8913-86772817230b', 'Víctor Régulo Valencia Iniesta', 'carmelitavilar@example.com', '+34 885 107 472', 'Los Lagos', 'Fines de semana', '2025-02-10T06:26:21.377388', '2025-02-10T06:26:21.377388');
INSERT INTO volunteer_skills (volunteer_id, skill_id) VALUES ('f8b50e7c-9609-436a-8913-86772817230b', '8a6f5f5c-ce44-4aba-a07a-e33e88f4d19f');
INSERT INTO volunteer_skills (volunteer_id, skill_id) VALUES ('f8b50e7c-9609-436a-8913-86772817230b', 'f4aaac8d-5b02-47fa-9ef9-4060538d0bc1');
INSERT INTO volunteer_campaigns (volunteer_id, campaign_id) VALUES ('f8b50e7c-9609-436a-8913-86772817230b', '4dab20fb-f156-4cee-90e0-11c41e61e432');
INSERT INTO volunteers (id, name, email, phone, region, availability, created_at, updated_at) VALUES ('f7b844e1-14fc-4864-8c72-d35ad57ad818', 'Zacarías Morán Galiano', 'lunalarrea@example.org', '+34972 12 14 98', 'Biobío', 'Fines de semana', '2025-06-25T12:10:59.668514', '2025-06-25T12:10:59.668514');
INSERT INTO volunteer_skills (volunteer_id, skill_id) VALUES ('f7b844e1-14fc-4864-8c72-d35ad57ad818', 'afb9135b-7aa7-43d7-bf69-d162bd798097');
INSERT INTO volunteer_campaigns (volunteer_id, campaign_id) VALUES ('f7b844e1-14fc-4864-8c72-d35ad57ad818', 'a10b187c-62ef-44a6-a026-837e1ea383c0');
INSERT INTO volunteers (id, name, email, phone, region, availability, created_at, updated_at) VALUES ('7e45a171-c9e1-4780-9fba-49c137c75210', 'Marcia Conde Antón', 'marcosagueda@example.org', '+34 811019253', 'Biobío', 'Lunes a Viernes', '2025-05-18T06:38:28.199394', '2025-05-18T06:38:28.199394');
INSERT INTO volunteer_skills (volunteer_id, skill_id) VALUES ('7e45a171-c9e1-4780-9fba-49c137c75210', 'f4aaac8d-5b02-47fa-9ef9-4060538d0bc1');
INSERT INTO volunteer_skills (volunteer_id, skill_id) VALUES ('7e45a171-c9e1-4780-9fba-49c137c75210', 'f823eae9-e7c4-443f-8b1c-3e467e729c88');
INSERT INTO volunteer_campaigns (volunteer_id, campaign_id) VALUES ('7e45a171-c9e1-4780-9fba-49c137c75210', '57559864-453b-4d14-b2c7-2b2e842fcbe1');
INSERT INTO volunteers (id, name, email, phone, region, availability, created_at, updated_at) VALUES ('5573d494-b8f0-4bcb-8db1-b4c48587ddb6', 'Ámbar Tamara Rojas Moraleda', 'abilionogueira@example.com', '+34 866 651 601', 'Valparaíso', 'Fines de semana', '2025-09-16T20:09:55.988649', '2025-09-16T20:09:55.988649');
INSERT INTO volunteer_skills (volunteer_id, skill_id) VALUES ('5573d494-b8f0-4bcb-8db1-b4c48587ddb6', 'f4aaac8d-5b02-47fa-9ef9-4060538d0bc1');
INSERT INTO volunteer_skills (volunteer_id, skill_id) VALUES ('5573d494-b8f0-4bcb-8db1-b4c48587ddb6', '720835cb-aabc-4784-aded-152746aec052');
INSERT INTO volunteer_campaigns (volunteer_id, campaign_id) VALUES ('5573d494-b8f0-4bcb-8db1-b4c48587ddb6', '4dab20fb-f156-4cee-90e0-11c41e61e432');
INSERT INTO volunteer_campaigns (volunteer_id, campaign_id) VALUES ('5573d494-b8f0-4bcb-8db1-b4c48587ddb6', '57559864-453b-4d14-b2c7-2b2e842fcbe1');
INSERT INTO volunteers (id, name, email, phone, region, availability, created_at, updated_at) VALUES ('f630150b-fecc-442a-8fbc-7f85ab27ffbc', 'Olalla Sebastián Sastre', 'aureliano64@example.net', '+34828 660 831', 'Los Lagos', 'Fines de semana', '2025-05-03T23:11:43.518747', '2025-05-03T23:11:43.518747');
INSERT INTO volunteer_skills (volunteer_id, skill_id) VALUES ('f630150b-fecc-442a-8fbc-7f85ab27ffbc', 'afb9135b-7aa7-43d7-bf69-d162bd798097');
INSERT INTO volunteer_campaigns (volunteer_id, campaign_id) VALUES ('f630150b-fecc-442a-8fbc-7f85ab27ffbc', '4dab20fb-f156-4cee-90e0-11c41e61e432');
INSERT INTO volunteer_campaigns (volunteer_id, campaign_id) VALUES ('f630150b-fecc-442a-8fbc-7f85ab27ffbc', 'a10b187c-62ef-44a6-a026-837e1ea383c0');
INSERT INTO volunteers (id, name, email, phone, region, availability, created_at, updated_at) VALUES ('470f8e90-22e8-49ea-a729-86284a5a1ec9', 'Pepe de Cantón', 'brigida09@example.com', '+34 873140403', 'Valparaíso', 'Mañanas', '2025-01-26T22:25:52.017846', '2025-01-26T22:25:52.017846');
INSERT INTO volunteer_skills (volunteer_id, skill_id) VALUES ('470f8e90-22e8-49ea-a729-86284a5a1ec9', '8a6f5f5c-ce44-4aba-a07a-e33e88f4d19f');
INSERT INTO volunteer_skills (volunteer_id, skill_id) VALUES ('470f8e90-22e8-49ea-a729-86284a5a1ec9', 'f4f8d802-b9fe-4f5f-a1c6-18a36f64a7e6');
INSERT INTO volunteer_campaigns (volunteer_id, campaign_id) VALUES ('470f8e90-22e8-49ea-a729-86284a5a1ec9', '57559864-453b-4d14-b2c7-2b2e842fcbe1');
INSERT INTO volunteer_campaigns (volunteer_id, campaign_id) VALUES ('470f8e90-22e8-49ea-a729-86284a5a1ec9', '4dab20fb-f156-4cee-90e0-11c41e61e432');
INSERT INTO volunteers (id, name, email, phone, region, availability, created_at, updated_at) VALUES ('749999b9-fc0a-4204-bd74-17c328818b6e', 'Nidia Navas Ureña', 'azenetholiveras@example.com', '+34 885449327', 'Metropolitana', 'Fines de semana', '2025-04-16T07:01:06.778099', '2025-04-16T07:01:06.778099');
INSERT INTO volunteer_skills (volunteer_id, skill_id) VALUES ('749999b9-fc0a-4204-bd74-17c328818b6e', 'f4f8d802-b9fe-4f5f-a1c6-18a36f64a7e6');
INSERT INTO volunteer_skills (volunteer_id, skill_id) VALUES ('749999b9-fc0a-4204-bd74-17c328818b6e', 'b960ff2d-286e-4859-ba2d-5806d1fff878');
INSERT INTO volunteer_campaigns (volunteer_id, campaign_id) VALUES ('749999b9-fc0a-4204-bd74-17c328818b6e', 'a10b187c-62ef-44a6-a026-837e1ea383c0');
INSERT INTO volunteer_campaigns (volunteer_id, campaign_id) VALUES ('749999b9-fc0a-4204-bd74-17c328818b6e', '4dab20fb-f156-4cee-90e0-11c41e61e432');
INSERT INTO volunteers (id, name, email, phone, region, availability, created_at, updated_at) VALUES ('3475ab12-b555-4274-9d72-e74b58b15369', 'Encarnita Marqués Lluch', 'ntoledo@example.net', '+34807389355', 'Araucanía', 'Fines de semana', '2025-06-10T09:04:57.721849', '2025-06-10T09:04:57.721849');
INSERT INTO volunteer_skills (volunteer_id, skill_id) VALUES ('3475ab12-b555-4274-9d72-e74b58b15369', '8a6f5f5c-ce44-4aba-a07a-e33e88f4d19f');
INSERT INTO volunteer_skills (volunteer_id, skill_id) VALUES ('3475ab12-b555-4274-9d72-e74b58b15369', '94667c90-e39b-41eb-9673-496a98ffac88');
INSERT INTO volunteer_skills (volunteer_id, skill_id) VALUES ('3475ab12-b555-4274-9d72-e74b58b15369', '720835cb-aabc-4784-aded-152746aec052');
INSERT INTO volunteer_campaigns (volunteer_id, campaign_id) VALUES ('3475ab12-b555-4274-9d72-e74b58b15369', 'a10b187c-62ef-44a6-a026-837e1ea383c0');
INSERT INTO volunteer_campaigns (volunteer_id, campaign_id) VALUES ('3475ab12-b555-4274-9d72-e74b58b15369', '741aac81-0e92-497e-81ec-8f8563b80b1f');
INSERT INTO volunteers (id, name, email, phone, region, availability, created_at, updated_at) VALUES ('60e79caa-33fd-495c-9563-8fc36da886eb', 'Fanny de Balaguer', 'varabeatriz@example.com', '+34876662162', 'Valparaíso', 'Tardes', '2025-08-23T09:40:58.248313', '2025-08-23T09:40:58.248313');
INSERT INTO volunteer_skills (volunteer_id, skill_id) VALUES ('60e79caa-33fd-495c-9563-8fc36da886eb', '8a6f5f5c-ce44-4aba-a07a-e33e88f4d19f');
INSERT INTO volunteer_skills (volunteer_id, skill_id) VALUES ('60e79caa-33fd-495c-9563-8fc36da886eb', 'f823eae9-e7c4-443f-8b1c-3e467e729c88');
INSERT INTO volunteer_campaigns (volunteer_id, campaign_id) VALUES ('60e79caa-33fd-495c-9563-8fc36da886eb', '57559864-453b-4d14-b2c7-2b2e842fcbe1');
INSERT INTO volunteer_campaigns (volunteer_id, campaign_id) VALUES ('60e79caa-33fd-495c-9563-8fc36da886eb', '4dab20fb-f156-4cee-90e0-11c41e61e432');
INSERT INTO volunteers (id, name, email, phone, region, availability, created_at, updated_at) VALUES ('2c2b0b84-8919-406a-afe6-39ce6952c516', 'Isidro Llorente-Llano', 'umartorell@example.com', '+34 945 00 77 29', 'Valparaíso', 'Lunes a Viernes', '2025-01-16T16:51:25.515966', '2025-01-16T16:51:25.515966');
INSERT INTO volunteer_skills (volunteer_id, skill_id) VALUES ('2c2b0b84-8919-406a-afe6-39ce6952c516', '720835cb-aabc-4784-aded-152746aec052');
INSERT INTO volunteer_skills (volunteer_id, skill_id) VALUES ('2c2b0b84-8919-406a-afe6-39ce6952c516', 'f823eae9-e7c4-443f-8b1c-3e467e729c88');
INSERT INTO volunteer_skills (volunteer_id, skill_id) VALUES ('2c2b0b84-8919-406a-afe6-39ce6952c516', 'f4f8d802-b9fe-4f5f-a1c6-18a36f64a7e6');
INSERT INTO volunteers (id, name, email, phone, region, availability, created_at, updated_at) VALUES ('40640abd-ccea-4b07-8308-6da98d3d1237', 'Diego Tomé Alberola', 'romajessica@example.com', '+34902786644', 'Valparaíso', 'Lunes a Viernes', '2024-12-02T02:57:04.199651', '2024-12-02T02:57:04.199651');
INSERT INTO volunteer_skills (volunteer_id, skill_id) VALUES ('40640abd-ccea-4b07-8308-6da98d3d1237', 'f823eae9-e7c4-443f-8b1c-3e467e729c88');
INSERT INTO volunteer_skills (volunteer_id, skill_id) VALUES ('40640abd-ccea-4b07-8308-6da98d3d1237', 'b960ff2d-286e-4859-ba2d-5806d1fff878');
INSERT INTO volunteer_skills (volunteer_id, skill_id) VALUES ('40640abd-ccea-4b07-8308-6da98d3d1237', 'afb9135b-7aa7-43d7-bf69-d162bd798097');
INSERT INTO volunteers (id, name, email, phone, region, availability, created_at, updated_at) VALUES ('fecdd38c-ee08-46ea-8c5f-3287deda9285', 'Isaías Abascal Cabezas', 'ksantiago@example.net', '+34875403071', 'Metropolitana', 'Mañanas', '2025-09-24T05:37:42.009267', '2025-09-24T05:37:42.009267');
INSERT INTO volunteer_skills (volunteer_id, skill_id) VALUES ('fecdd38c-ee08-46ea-8c5f-3287deda9285', 'f4aaac8d-5b02-47fa-9ef9-4060538d0bc1');
INSERT INTO volunteer_skills (volunteer_id, skill_id) VALUES ('fecdd38c-ee08-46ea-8c5f-3287deda9285', '94667c90-e39b-41eb-9673-496a98ffac88');
INSERT INTO volunteer_campaigns (volunteer_id, campaign_id) VALUES ('fecdd38c-ee08-46ea-8c5f-3287deda9285', '4dab20fb-f156-4cee-90e0-11c41e61e432');
INSERT INTO volunteers (id, name, email, phone, region, availability, created_at, updated_at) VALUES ('8cec6235-4de7-4013-8a92-256595f58f60', 'Asunción Ferrando Fiol', 'gregorio66@example.com', '+34910868266', 'Metropolitana', 'Fines de semana', '2025-08-27T02:04:29.657350', '2025-08-27T02:04:29.657350');
INSERT INTO volunteer_skills (volunteer_id, skill_id) VALUES ('8cec6235-4de7-4013-8a92-256595f58f60', '94667c90-e39b-41eb-9673-496a98ffac88');
INSERT INTO volunteer_skills (volunteer_id, skill_id) VALUES ('8cec6235-4de7-4013-8a92-256595f58f60', 'f4f8d802-b9fe-4f5f-a1c6-18a36f64a7e6');
INSERT INTO volunteer_skills (volunteer_id, skill_id) VALUES ('8cec6235-4de7-4013-8a92-256595f58f60', 'f4aaac8d-5b02-47fa-9ef9-4060538d0bc1');
INSERT INTO volunteers (id, name, email, phone, region, availability, created_at, updated_at) VALUES ('c352d35d-5fef-47ff-93ab-1cc5993debd6', 'Anna Mayol Giner', 'bonetpepita@example.net', '+34980 168 348', 'Los Lagos', 'Lunes a Viernes', '2025-09-08T00:05:14.740913', '2025-09-08T00:05:14.740913');
INSERT INTO volunteer_skills (volunteer_id, skill_id) VALUES ('c352d35d-5fef-47ff-93ab-1cc5993debd6', '720835cb-aabc-4784-aded-152746aec052');
INSERT INTO volunteer_skills (volunteer_id, skill_id) VALUES ('c352d35d-5fef-47ff-93ab-1cc5993debd6', 'f823eae9-e7c4-443f-8b1c-3e467e729c88');
INSERT INTO volunteer_campaigns (volunteer_id, campaign_id) VALUES ('c352d35d-5fef-47ff-93ab-1cc5993debd6', '4dab20fb-f156-4cee-90e0-11c41e61e432');
INSERT INTO volunteer_campaigns (volunteer_id, campaign_id) VALUES ('c352d35d-5fef-47ff-93ab-1cc5993debd6', '57559864-453b-4d14-b2c7-2b2e842fcbe1');
INSERT INTO volunteers (id, name, email, phone, region, availability, created_at, updated_at) VALUES ('aae14823-d0e5-44fa-ba27-52894bcd07e1', 'Florentino Valentín Camino', 'roliveras@example.com', '+34 848 88 34 33', 'Araucanía', 'Lunes a Viernes', '2025-07-26T21:43:10.160664', '2025-07-26T21:43:10.160664');
INSERT INTO volunteer_skills (volunteer_id, skill_id) VALUES ('aae14823-d0e5-44fa-ba27-52894bcd07e1', 'b960ff2d-286e-4859-ba2d-5806d1fff878');
INSERT INTO volunteer_skills (volunteer_id, skill_id) VALUES ('aae14823-d0e5-44fa-ba27-52894bcd07e1', '94667c90-e39b-41eb-9673-496a98ffac88');
INSERT INTO volunteer_skills (volunteer_id, skill_id) VALUES ('aae14823-d0e5-44fa-ba27-52894bcd07e1', 'f4aaac8d-5b02-47fa-9ef9-4060538d0bc1');
INSERT INTO volunteers (id, name, email, phone, region, availability, created_at, updated_at) VALUES ('e7ffa979-f2b0-4a13-9d6b-29cba5b8e6ae', 'Eloísa Gaya-Manzano', 'ycanton@example.net', '+34 922 80 21 82', 'Los Lagos', 'Tardes', '2025-03-27T21:22:44.216487', '2025-03-27T21:22:44.216487');
INSERT INTO volunteer_skills (volunteer_id, skill_id) VALUES ('e7ffa979-f2b0-4a13-9d6b-29cba5b8e6ae', '720835cb-aabc-4784-aded-152746aec052');
INSERT INTO volunteer_skills (volunteer_id, skill_id) VALUES ('e7ffa979-f2b0-4a13-9d6b-29cba5b8e6ae', 'b960ff2d-286e-4859-ba2d-5806d1fff878');
INSERT INTO volunteer_skills (volunteer_id, skill_id) VALUES ('e7ffa979-f2b0-4a13-9d6b-29cba5b8e6ae', 'f4f8d802-b9fe-4f5f-a1c6-18a36f64a7e6');
INSERT INTO volunteers (id, name, email, phone, region, availability, created_at, updated_at) VALUES ('69f8827e-900d-4c86-83a0-c57173b93166', 'Isidora Morales Cañellas', 'raquel84@example.com', '+34977 818 912', 'Araucanía', 'Fines de semana', '2025-06-23T21:35:13.384736', '2025-06-23T21:35:13.384736');
INSERT INTO volunteer_skills (volunteer_id, skill_id) VALUES ('69f8827e-900d-4c86-83a0-c57173b93166', '8a6f5f5c-ce44-4aba-a07a-e33e88f4d19f');
INSERT INTO volunteer_skills (volunteer_id, skill_id) VALUES ('69f8827e-900d-4c86-83a0-c57173b93166', 'f4aaac8d-5b02-47fa-9ef9-4060538d0bc1');
INSERT INTO volunteer_skills (volunteer_id, skill_id) VALUES ('69f8827e-900d-4c86-83a0-c57173b93166', 'f4f8d802-b9fe-4f5f-a1c6-18a36f64a7e6');
INSERT INTO volunteer_campaigns (volunteer_id, campaign_id) VALUES ('69f8827e-900d-4c86-83a0-c57173b93166', '57559864-453b-4d14-b2c7-2b2e842fcbe1');
INSERT INTO volunteer_campaigns (volunteer_id, campaign_id) VALUES ('69f8827e-900d-4c86-83a0-c57173b93166', '4dab20fb-f156-4cee-90e0-11c41e61e432');
INSERT INTO logs (id, source, level, message, details, created_at) VALUES ('216acd57-d8fd-4b58-8aa7-efc092e11e82', 'SYSTEM', 'CRITICAL', 'Calle parecía s bueno hacerlo tú mitad políticos.', '{"ip": "117.241.93.120", "user_agent": "Mozilla/5.0 (compatible; MSIE 7.0; Windows NT 5.0; Trident/4.0)"}', '2025-11-25T09:13:52.852588');
INSERT INTO logs (id, source, level, message, details, created_at) VALUES ('e02f7840-b23c-4353-a11c-34d751143d58', 'USER', 'INFO', 'Usted director país zona centros vista.', '{"ip": "162.24.227.225", "user_agent": "Mozilla/5.0 (Android 4.3; Mobile; rv:14.0) Gecko/14.0 Firefox/14.0"}', '2025-11-23T21:20:28.812864');
INSERT INTO logs (id, source, level, message, details, created_at) VALUES ('f248d285-1339-46da-85cd-75845e0ff168', 'API', 'ERROR', 'Supuesto memoria incluso tres.', '{"ip": "201.0.117.247", "user_agent": "Mozilla/5.0 (Macintosh; PPC Mac OS X 10_8_0; rv:1.9.5.20) Gecko/6522-11-22 08:46:30.461670 Firefox/3.6.10"}', '2025-11-22T10:10:48.297007');
INSERT INTO logs (id, source, level, message, details, created_at) VALUES ('fba57e08-7be8-4b4d-bb6a-b8a35284ed3a', 'BOT', 'CRITICAL', 'Escuela después asociación barcelona boca junio estaba.', '{"ip": "140.166.169.2", "user_agent": "Mozilla/5.0 (Windows NT 5.0) AppleWebKit/533.1 (KHTML, like Gecko) Chrome/32.0.849.0 Safari/533.1"}', '2025-11-27T09:09:13.520087');
INSERT INTO logs (id, source, level, message, details, created_at) VALUES ('b49646c7-02db-4729-bf39-736807d9be96', 'BOT', 'ERROR', 'Obra hoy constitución nuestra.', '{"ip": "152.59.212.106", "user_agent": "Mozilla/5.0 (Windows; U; Windows NT 6.0) AppleWebKit/535.34.5 (KHTML, like Gecko) Version/5.0.1 Safari/535.34.5"}', '2025-11-28T05:28:46.322036');
INSERT INTO logs (id, source, level, message, details, created_at) VALUES ('1949fe55-838c-49f4-863d-b94ec37390bb', 'USER', 'WARNING', 'Nacional asimismo ya ser buena siendo.', '{"ip": "97.74.214.14", "user_agent": "Mozilla/5.0 (compatible; MSIE 9.0; Windows NT 10.0; Trident/4.0)"}', '2025-11-26T02:50:11.973114');
INSERT INTO logs (id, source, level, message, details, created_at) VALUES ('f8e03831-3933-4207-bf26-ef7a73923b15', 'USER', 'CRITICAL', 'Control g toda proceso hombre.', '{"ip": "78.10.103.84", "user_agent": "Mozilla/5.0 (Macintosh; PPC Mac OS X 10_6_5) AppleWebKit/536.1 (KHTML, like Gecko) Chrome/41.0.805.0 Safari/536.1"}', '2025-11-25T22:27:22.606315');
INSERT INTO logs (id, source, level, message, details, created_at) VALUES ('01c11c06-73d6-4444-aae8-451b2c8c8ad5', 'SYSTEM', 'CRITICAL', 'Bueno porque presidente señora.', '{"ip": "85.103.88.59", "user_agent": "Opera/8.10.(Windows 98; Win 9x 4.90; wae-CH) Presto/2.9.189 Version/10.00"}', '2025-11-22T16:34:24.239258');
INSERT INTO logs (id, source, level, message, details, created_at) VALUES ('fda5a04c-e353-4c85-ac9d-30d3dd961180', 'API', 'ERROR', 'Manos tierra nuevas propios madre precisamente.', '{"ip": "35.40.26.30", "user_agent": "Opera/8.82.(Windows NT 5.0; unm-US) Presto/2.9.190 Version/10.00"}', '2025-11-23T00:01:41.905947');
INSERT INTO logs (id, source, level, message, details, created_at) VALUES ('318bda03-b17e-4019-ac1b-509568423797', 'SYSTEM', 'WARNING', 'Materia producción primer mantener justicia lejos.', '{"ip": "92.124.71.138", "user_agent": "Opera/8.44.(Windows NT 6.2; tt-RU) Presto/2.9.188 Version/10.00"}', '2025-11-22T19:28:42.585892');
INSERT INTO logs (id, source, level, message, details, created_at) VALUES ('a745b3d2-1d5a-48a0-9d49-a3e60bacb8ad', 'API', 'ERROR', 'Condiciones desde era incluso carne futuro sur.', '{"ip": "91.115.154.153", "user_agent": "Mozilla/5.0 (compatible; MSIE 6.0; Windows NT 4.0; Trident/5.0)"}', '2025-11-23T13:20:54.918070');
INSERT INTO logs (id, source, level, message, details, created_at) VALUES ('96d7fbba-bcfb-4697-812c-7987627c9902', 'BOT', 'ERROR', 'Participación varias enfermedad victoria.', '{"ip": "69.175.121.112", "user_agent": "Mozilla/5.0 (Windows NT 5.2; cv-RU; rv:1.9.0.20) Gecko/2501-10-30 10:00:30.094503 Firefox/3.8"}', '2025-11-22T10:52:54.318597');
INSERT INTO logs (id, source, level, message, details, created_at) VALUES ('260d5ec4-c5bf-4e3f-bba5-00aa7d2bcdd8', 'SYSTEM', 'INFO', 'Él día radio república cuyo.', '{"ip": "37.158.80.16", "user_agent": "Mozilla/5.0 (compatible; MSIE 7.0; Windows NT 6.0; Trident/5.1)"}', '2025-11-25T22:35:52.536136');
INSERT INTO logs (id, source, level, message, details, created_at) VALUES ('2aea8e89-4ce4-4a1e-b3fc-8255a8608459', 'API', 'ERROR', 'Ella baja construcción.', '{"ip": "55.238.193.63", "user_agent": "Opera/8.73.(X11; Linux i686; rw-RW) Presto/2.9.189 Version/12.00"}', '2025-11-25T21:19:51.854737');
INSERT INTO logs (id, source, level, message, details, created_at) VALUES ('4a73f343-ac7a-419e-b5b7-8f92e78df2e9', 'SYSTEM', 'ERROR', 'Ahora voz américa seguro derechos derechos amor.', '{"ip": "118.105.9.233", "user_agent": "Mozilla/5.0 (Windows; U; Windows 95) AppleWebKit/534.29.2 (KHTML, like Gecko) Version/4.0.2 Safari/534.29.2"}', '2025-11-24T02:23:14.682428');
INSERT INTO logs (id, source, level, message, details, created_at) VALUES ('4ae05fcf-d1e9-4629-af95-c7cf97003273', 'SYSTEM', 'ERROR', 'Estudio él todo pese manera.', '{"ip": "145.120.102.218", "user_agent": "Mozilla/5.0 (Windows; U; Windows NT 6.1) AppleWebKit/532.47.3 (KHTML, like Gecko) Version/4.0.3 Safari/532.47.3"}', '2025-11-28T20:48:22.631392');
INSERT INTO logs (id, source, level, message, details, created_at) VALUES ('d80eb6f0-ae92-4404-abea-14e379f3c911', 'BOT', 'CRITICAL', 'Tenían sola metros ella.', '{"ip": "195.8.247.194", "user_agent": "Opera/8.12.(X11; Linux i686; ckb-IQ) Presto/2.9.182 Version/10.00"}', '2025-11-25T23:46:18.108797');
INSERT INTO logs (id, source, level, message, details, created_at) VALUES ('0619ee8e-2e44-4422-a148-c0e55da5605b', 'SYSTEM', 'WARNING', 'Baja esas llegó recuerdo efectos salida tratamiento b.', '{"ip": "204.103.155.49", "user_agent": "Mozilla/5.0 (X11; Linux i686; rv:1.9.6.20) Gecko/8728-11-15 13:01:06.970184 Firefox/3.8"}', '2025-11-26T03:48:02.487338');
INSERT INTO logs (id, source, level, message, details, created_at) VALUES ('326e56ea-ab95-4c75-8838-4ec8cb7b3f50', 'BOT', 'ERROR', 'Octubre he crecimiento quiere cuatro pasa.', '{"ip": "82.186.85.48", "user_agent": "Mozilla/5.0 (Macintosh; Intel Mac OS X 10_10_4 rv:6.0; km-KH) AppleWebKit/534.32.3 (KHTML, like Gecko) Version/4.0.1 Safari/534.32.3"}', '2025-11-28T11:29:48.315043');
INSERT INTO logs (id, source, level, message, details, created_at) VALUES ('81891168-f615-4d45-86fd-30a69b8e43c8', 'API', 'WARNING', 'Nuevo sectores lucha.', '{"ip": "191.217.139.183", "user_agent": "Mozilla/5.0 (Linux; Android 3.2.5) AppleWebKit/534.1 (KHTML, like Gecko) Chrome/42.0.860.0 Safari/534.1"}', '2025-11-22T09:59:19.351603');
